,tweets,id,date,source,likes,retweets,Subjectivity,Polarity,Analysis,Tweet_punct,tweet_clean_tokenized,tweet_clean_nostopwords,tweet_ready
0,"What unrest spreading Muzlims dont like
üëâShaheen Bagh activist joins BJP
üëâUAEIsrael peace deal
üëâRam Mandir
üëâ  Scrapped

but they like
üëâ HagiaSophia first church then museums conversion to mosque
üëâ DelhiRiots
üëâ BangluruRiots 
üëâShaheen Bagh Hijack coEFBOWiAlUF",1295072820137885696,2020-08-16 18:59:56,Twitter for Android,0,0,0.3333333333333333,0.25,Positive,"What unrest spreading Muzlims dont like
üëâShaheen Bagh activist joins BJP
üëâUAEIsrael peace deal
üëâRam Mandir
üëâ  Scrapped

but they like
üëâ HagiaSophia first church then museums conversion to mosque
üëâ DelhiRiots
üëâ BangluruRiots 
üëâShaheen Bagh Hijack coEFBOWiAlUF","['what', 'unrest', 'spreading', 'muzlims', 'dont', 'like', 'shaheen', 'bagh', 'activist', 'joins', 'bjp', 'uaeisrael', 'peace', 'deal', 'ram', 'mandir', 'scrapped', 'but', 'they', 'like', 'hagiasophia', 'first', 'church', 'then', 'museums', 'conversion', 'to', 'mosque', 'delhiriots', 'banglururiots', 'shaheen', 'bagh', 'hijack', 'coefbowialuf']","['unrest', 'spreading', 'muzlims', 'dont', 'like', 'shaheen', 'bagh', 'activist', 'joins', 'bjp', 'uaeisrael', 'peace', 'deal', 'ram', 'mandir', 'scrapped', 'like', 'hagiasophia', 'first', 'church', 'museums', 'conversion', 'mosque', 'delhiriots', 'banglururiots', 'shaheen', 'bagh', 'hijack', 'coefbowialuf']",unrest spreading muzlims dont like shaheen bagh activist joins bjp uaeisrael peace deal ram mandir scrapped like hagiasophia first church museums conversion mosque delhiriots banglururiots shaheen bagh hijack coefbowialuf
1," By building Ram Mandir
Melting Liberals 
And distributing Burnol 
to people like you",1295072773765648384,2020-08-16 18:59:45,Twitter for Android,0,0,0.0,0.0,Neutral," By building Ram Mandir
Melting Liberals 
And distributing Burnol 
to people like you","['', 'by', 'building', 'ram', 'mandir', 'melting', 'liberals', 'and', 'distributing', 'burnol', 'to', 'people', 'like', 'you']","['', 'building', 'ram', 'mandir', 'melting', 'liberals', 'distributing', 'burnol', 'people', 'like']",building ram mandir melting liberals distributing burnol people like
2," yeah obviously will do Those places i mentioned were quite long back 
Chota Char Dham Bada char dham  Jyotirlingas all in bucket list 
Have visited Krishna Janmabhoomi waiting for Ram mandir",1295072148319420417,2020-08-16 18:57:16,Twitter Web App,1,0,0.3,-0.016666666666666666,Negative," yeah obviously will do Those places i mentioned were quite long back 
Chota Char Dham Bada char dham  Jyotirlingas all in bucket list 
Have visited Krishna Janmabhoomi waiting for Ram mandir","['', 'yeah', 'obviously', 'will', 'do', 'those', 'places', 'i', 'mentioned', 'were', 'quite', 'long', 'back', 'chota', 'char', 'dham', 'bada', 'char', 'dham', 'jyotirlingas', 'all', 'in', 'bucket', 'list', 'have', 'visited', 'krishna', 'janmabhoomi', 'waiting', 'for', 'ram', 'mandir']","['', 'yeah', 'obviously', 'places', 'mentioned', 'quite', 'long', 'back', 'chota', 'char', 'dham', 'bada', 'char', 'dham', 'jyotirlingas', 'bucket', 'list', 'visited', 'krishna', 'janmabhoomi', 'waiting', 'ram', 'mandir']",yeah obviously places mentioned quite long back chota char dham bada char dham jyotirlingas bucket list visited krishna janmabhoomi waiting ram mandir
3,"samkhans  Modis development 

Demonetization
GST
CAANRC
Ram Mandir
Article  which lead to Kashmir lockdown for more than a year which is completely barbaric 

 years of useless PM",1295072104799285248,2020-08-16 18:57:05,Twitter for Android,0,0,0.3666666666666667,0.033333333333333326,Positive,"samkhans  Modis development 

Demonetization
GST
CAANRC
Ram Mandir
Article  which lead to Kashmir lockdown for more than a year which is completely barbaric 

 years of useless PM","['samkhans', 'modis', 'development', 'demonetization', 'gst', 'caanrc', 'ram', 'mandir', 'article', 'which', 'lead', 'to', 'kashmir', 'lockdown', 'for', 'more', 'than', 'a', 'year', 'which', 'is', 'completely', 'barbaric', 'years', 'of', 'useless', 'pm']","['samkhans', 'modis', 'development', 'demonetization', 'gst', 'caanrc', 'ram', 'mandir', 'article', 'lead', 'kashmir', 'lockdown', 'year', 'completely', 'barbaric', 'years', 'useless', 'pm']",samkhans modis development demonetization gst caanrc ram mandir article lead kashmir lockdown year completely barbaric years useless pm
4,"Tiger    If there is any proof of mandir at the site of mosquereligiously we are bound to give back that place to the rightful claimour prayers at such places are not acceptable
Point i want to make is that This Ram janam bhoomi thing is a totally political issue",1295071422369288192,2020-08-16 18:54:23,Twitter for Android,0,0,0.19999999999999998,0.0,Neutral,"Tiger    If there is any proof of mandir at the site of mosquereligiously we are bound to give back that place to the rightful claimour prayers at such places are not acceptable
Point i want to make is that This Ram janam bhoomi thing is a totally political issue","['tiger', 'if', 'there', 'is', 'any', 'proof', 'of', 'mandir', 'at', 'the', 'site', 'of', 'mosquereligiously', 'we', 'are', 'bound', 'to', 'give', 'back', 'that', 'place', 'to', 'the', 'rightful', 'claimour', 'prayers', 'at', 'such', 'places', 'are', 'not', 'acceptable', 'point', 'i', 'want', 'to', 'make', 'is', 'that', 'this', 'ram', 'janam', 'bhoomi', 'thing', 'is', 'a', 'totally', 'political', 'issue']","['tiger', 'proof', 'mandir', 'site', 'mosquereligiously', 'bound', 'give', 'back', 'place', 'rightful', 'claimour', 'prayers', 'places', 'acceptable', 'point', 'want', 'make', 'ram', 'janam', 'bhoomi', 'thing', 'totally', 'political', 'issue']",tiger proof mandir site mosquereligiously bound give back place rightful claimour prayers places acceptable point want make ram janam bhoomi thing totally political issue
5,"  Hagia Sophia is one of UNESCOs cultural heritage site
If Ram Mandir case was to be judged by ownership of land It may have gone to Muslims
But these have a huge symbolic value and this was a murderous take by him",1295071106756485120,2020-08-16 18:53:07,Twitter Web App,0,0,0.5,0.25000000000000006,Positive,"  Hagia Sophia is one of UNESCOs cultural heritage site
If Ram Mandir case was to be judged by ownership of land It may have gone to Muslims
But these have a huge symbolic value and this was a murderous take by him","['', 'hagia', 'sophia', 'is', 'one', 'of', 'unescos', 'cultural', 'heritage', 'site', 'if', 'ram', 'mandir', 'case', 'was', 'to', 'be', 'judged', 'by', 'ownership', 'of', 'land', 'it', 'may', 'have', 'gone', 'to', 'muslims', 'but', 'these', 'have', 'a', 'huge', 'symbolic', 'value', 'and', 'this', 'was', 'a', 'murderous', 'take', 'by', 'him']","['', 'hagia', 'sophia', 'one', 'unescos', 'cultural', 'heritage', 'site', 'ram', 'mandir', 'case', 'judged', 'ownership', 'land', 'may', 'gone', 'muslims', 'huge', 'symbolic', 'value', 'murderous', 'take']",hagia sophia one unescos cultural heritage site ram mandir case judged ownership land may gone muslims huge symbolic value murderous take
6," bahrain Its a fake propaganda 
It was a RAM Mandir since s of year 
And we all know the history as how amp who it was broken amp structure was built over it 
s of Historical evidences are available to prove this including archeological evidences which help to decide by court",1295070251084906498,2020-08-16 18:49:43,Twitter Web App,0,0,0.38,-0.12,Negative," bahrain Its a fake propaganda 
It was a RAM Mandir since s of year 
And we all know the history as how amp who it was broken amp structure was built over it 
s of Historical evidences are available to prove this including archeological evidences which help to decide by court","['', 'bahrain', 'its', 'a', 'fake', 'propaganda', 'it', 'was', 'a', 'ram', 'mandir', 'since', 's', 'of', 'year', 'and', 'we', 'all', 'know', 'the', 'history', 'as', 'how', 'amp', 'who', 'it', 'was', 'broken', 'amp', 'structure', 'was', 'built', 'over', 'it', 's', 'of', 'historical', 'evidences', 'are', 'available', 'to', 'prove', 'this', 'including', 'archeological', 'evidences', 'which', 'help', 'to', 'decide', 'by', 'court']","['', 'bahrain', 'fake', 'propaganda', 'ram', 'mandir', 'since', 'year', 'know', 'history', 'amp', 'broken', 'amp', 'structure', 'built', 'historical', 'evidences', 'available', 'prove', 'including', 'archeological', 'evidences', 'help', 'decide', 'court']",bahrain fake propaganda ram mandir since year know history amp broken amp structure built historical evidences available prove including archeological evidences help decide court
7,"IND They are planning their move
One thing I like about Amir At least he has made his inclinations known openly How many Hindu actors will do it When Ram Mandir foundation stone laying ceremony was done how many Hindu actors or Bollywood personalities had paid their respects",1295067828941283329,2020-08-16 18:40:06,Twitter for Android,0,0,0.475,0.175,Positive,"IND They are planning their move
One thing I like about Amir At least he has made his inclinations known openly How many Hindu actors will do it When Ram Mandir foundation stone laying ceremony was done how many Hindu actors or Bollywood personalities had paid their respects","['ind', 'they', 'are', 'planning', 'their', 'move', 'one', 'thing', 'i', 'like', 'about', 'amir', 'at', 'least', 'he', 'has', 'made', 'his', 'inclinations', 'known', 'openly', 'how', 'many', 'hindu', 'actors', 'will', 'do', 'it', 'when', 'ram', 'mandir', 'foundation', 'stone', 'laying', 'ceremony', 'was', 'done', 'how', 'many', 'hindu', 'actors', 'or', 'bollywood', 'personalities', 'had', 'paid', 'their', 'respects']","['ind', 'planning', 'move', 'one', 'thing', 'like', 'amir', 'least', 'made', 'inclinations', 'known', 'openly', 'many', 'hindu', 'actors', 'ram', 'mandir', 'foundation', 'stone', 'laying', 'ceremony', 'done', 'many', 'hindu', 'actors', 'bollywood', 'personalities', 'paid', 'respects']",ind planning move one thing like amir least made inclinations known openly many hindu actors ram mandir foundation stone laying ceremony done many hindu actors bollywood personalities paid respects
8," Jammu   Have PatienceHave Faith in BJP
Systems can‚Äôt be changed overnight
yrs of mess is been getting solved in last yrsArticleA Ram Mandir Infrastructure Demonetization Blackmoney Smuggling Border IssuesTerrorism Economy State Politicsissues r many all solved",1295067639937675269,2020-08-16 18:39:21,Twitter for iPhone,0,0,0.24722222222222223,0.10833333333333334,Positive," Jammu   Have PatienceHave Faith in BJP
Systems can‚Äôt be changed overnight
yrs of mess is been getting solved in last yrsArticleA Ram Mandir Infrastructure Demonetization Blackmoney Smuggling Border IssuesTerrorism Economy State Politicsissues r many all solved","['', 'jammu', 'have', 'patiencehave', 'faith', 'in', 'bjp', 'systems', 'can', 't', 'be', 'changed', 'overnight', 'yrs', 'of', 'mess', 'is', 'been', 'getting', 'solved', 'in', 'last', 'yrsarticlea', 'ram', 'mandir', 'infrastructure', 'demonetization', 'blackmoney', 'smuggling', 'border', 'issuesterrorism', 'economy', 'state', 'politicsissues', 'r', 'many', 'all', 'solved']","['', 'jammu', 'patiencehave', 'faith', 'bjp', 'systems', 'changed', 'overnight', 'yrs', 'mess', 'getting', 'solved', 'last', 'yrsarticlea', 'ram', 'mandir', 'infrastructure', 'demonetization', 'blackmoney', 'smuggling', 'border', 'issuesterrorism', 'economy', 'state', 'politicsissues', 'r', 'many', 'solved']",jammu patiencehave faith bjp systems changed overnight yrs mess getting solved last yrsarticlea ram mandir infrastructure demonetization blackmoney smuggling border issuesterrorism economy state politicsissues r many solved
9," After Ram Mandir it seems BJP forgot preaching of Ramayan 
                      ‡§Ö‡§π‡§Ç‡§ï‡§æ‡§∞",1295067519321956352,2020-08-16 18:38:52,Twitter for Android,0,0,0.0,0.0,Neutral," After Ram Mandir it seems BJP forgot preaching of Ramayan 
                      ‡§Ö‡§π‡§Ç‡§ï‡§æ‡§∞","['', 'after', 'ram', 'mandir', 'it', 'seems', 'bjp', 'forgot', 'preaching', 'of', 'ramayan', '‡§Ö‡§π', '‡§ï', '‡§∞']","['', 'ram', 'mandir', 'seems', 'bjp', 'forgot', 'preaching', 'ramayan', '‡§Ö‡§π', '‡§ï', '‡§∞']",ram mandir seems bjp forgot preaching ramayan ‡§Ö‡§π ‡§ï ‡§∞
10, Competition is always close till BJP begin its carpate bombing Blitzkrieg NaMo Amit Shah Yogi With Ram Mandir issue settled China confrontation advantage is with BJP Lalu in jail is huge disadvantage for RJD and kids are not big vote catcher Lets see what happen,1295067398899286016,2020-08-16 18:38:23,Twitter for Android,0,0,0.3333333333333333,0.10000000000000002,Positive, Competition is always close till BJP begin its carpate bombing Blitzkrieg NaMo Amit Shah Yogi With Ram Mandir issue settled China confrontation advantage is with BJP Lalu in jail is huge disadvantage for RJD and kids are not big vote catcher Lets see what happen,"['', 'competition', 'is', 'always', 'close', 'till', 'bjp', 'begin', 'its', 'carpate', 'bombing', 'blitzkrieg', 'namo', 'amit', 'shah', 'yogi', 'with', 'ram', 'mandir', 'issue', 'settled', 'china', 'confrontation', 'advantage', 'is', 'with', 'bjp', 'lalu', 'in', 'jail', 'is', 'huge', 'disadvantage', 'for', 'rjd', 'and', 'kids', 'are', 'not', 'big', 'vote', 'catcher', 'lets', 'see', 'what', 'happen']","['', 'competition', 'always', 'close', 'till', 'bjp', 'begin', 'carpate', 'bombing', 'blitzkrieg', 'namo', 'amit', 'shah', 'yogi', 'ram', 'mandir', 'issue', 'settled', 'china', 'confrontation', 'advantage', 'bjp', 'lalu', 'jail', 'huge', 'disadvantage', 'rjd', 'kids', 'big', 'vote', 'catcher', 'lets', 'see', 'happen']",competition always close till bjp begin carpate bombing blitzkrieg namo amit shah yogi ram mandir issue settled china confrontation advantage bjp lalu jail huge disadvantage rjd kids big vote catcher lets see happen
11,"AskTrueIndology
Can explain why Goswami Tulsidas c ‚Äì not mention anything regarding destruction of Ram Janambhomi mandir by Babur  February  ‚Äì  December  in any verses out of  verses of Ramcharitmanas",1295067196364750848,2020-08-16 18:37:35,Twitter Web App,0,0,0.0,0.0,Neutral,"AskTrueIndology
Can explain why Goswami Tulsidas c ‚Äì not mention anything regarding destruction of Ram Janambhomi mandir by Babur  February  ‚Äì  December  in any verses out of  verses of Ramcharitmanas","['asktrueindology', 'can', 'explain', 'why', 'goswami', 'tulsidas', 'c', 'not', 'mention', 'anything', 'regarding', 'destruction', 'of', 'ram', 'janambhomi', 'mandir', 'by', 'babur', 'february', 'december', 'in', 'any', 'verses', 'out', 'of', 'verses', 'of', 'ramcharitmanas']","['asktrueindology', 'explain', 'goswami', 'tulsidas', 'c', 'mention', 'anything', 'regarding', 'destruction', 'ram', 'janambhomi', 'mandir', 'babur', 'february', 'december', 'verses', 'verses', 'ramcharitmanas']",asktrueindology explain goswami tulsidas c mention anything regarding destruction ram janambhomi mandir babur february december verses verses ramcharitmanas
12, Advani ji lived long enough to see Ram Mandir,1295067015560990720,2020-08-16 18:36:52,Twitter for Android,0,0,0.45,-0.025,Negative, Advani ji lived long enough to see Ram Mandir,"['', 'advani', 'ji', 'lived', 'long', 'enough', 'to', 'see', 'ram', 'mandir']","['', 'advani', 'ji', 'lived', 'long', 'enough', 'see', 'ram', 'mandir']",advani ji lived long enough see ram mandir
13, Sir it‚Äôs been  days and you still haven‚Äôt tweeted about the Bangalore Riots which was done by the people you love  Is this your leadership where you keep quiet on one religions misdeeds and you question the Ram  Mandir Puja ceremony  It‚Äôs a shame you call yourself secular,1295066264969207809,2020-08-16 18:33:53,Twitter for iPhone,0,0,0.4666666666666667,0.25,Positive, Sir it‚Äôs been  days and you still haven‚Äôt tweeted about the Bangalore Riots which was done by the people you love  Is this your leadership where you keep quiet on one religions misdeeds and you question the Ram  Mandir Puja ceremony  It‚Äôs a shame you call yourself secular,"['', 'sir', 'it', 's', 'been', 'days', 'and', 'you', 'still', 'haven', 't', 'tweeted', 'about', 'the', 'bangalore', 'riots', 'which', 'was', 'done', 'by', 'the', 'people', 'you', 'love', 'is', 'this', 'your', 'leadership', 'where', 'you', 'keep', 'quiet', 'on', 'one', 'religions', 'misdeeds', 'and', 'you', 'question', 'the', 'ram', 'mandir', 'puja', 'ceremony', 'it', 's', 'a', 'shame', 'you', 'call', 'yourself', 'secular']","['', 'sir', 'days', 'still', 'tweeted', 'bangalore', 'riots', 'done', 'people', 'love', 'leadership', 'keep', 'quiet', 'one', 'religions', 'misdeeds', 'question', 'ram', 'mandir', 'puja', 'ceremony', 'shame', 'call', 'secular']",sir days still tweeted bangalore riots done people love leadership keep quiet one religions misdeeds question ram mandir puja ceremony shame call secular
14," Evrythin is true may b

But congress has never done roads on border

Congress nevr done good for Hindus

Congress is for only Muslims n BJP for evryone

Due to BJP Ram Mandir issue solved

Invoked article 

Still yet to come

Tell ur congmen to support Hindus to get votes",1295065471067201536,2020-08-16 18:30:44,Twitter for Android,0,0,0.65625,0.23124999999999996,Positive," Evrythin is true may b

But congress has never done roads on border

Congress nevr done good for Hindus

Congress is for only Muslims n BJP for evryone

Due to BJP Ram Mandir issue solved

Invoked article 

Still yet to come

Tell ur congmen to support Hindus to get votes","['', 'evrythin', 'is', 'true', 'may', 'b', 'but', 'congress', 'has', 'never', 'done', 'roads', 'on', 'border', 'congress', 'nevr', 'done', 'good', 'for', 'hindus', 'congress', 'is', 'for', 'only', 'muslims', 'n', 'bjp', 'for', 'evryone', 'due', 'to', 'bjp', 'ram', 'mandir', 'issue', 'solved', 'invoked', 'article', 'still', 'yet', 'to', 'come', 'tell', 'ur', 'congmen', 'to', 'support', 'hindus', 'to', 'get', 'votes']","['', 'evrythin', 'true', 'may', 'b', 'congress', 'never', 'done', 'roads', 'border', 'congress', 'nevr', 'done', 'good', 'hindus', 'congress', 'muslims', 'n', 'bjp', 'evryone', 'due', 'bjp', 'ram', 'mandir', 'issue', 'solved', 'invoked', 'article', 'still', 'yet', 'come', 'tell', 'ur', 'congmen', 'support', 'hindus', 'get', 'votes']",evrythin true may b congress never done roads border congress nevr done good hindus congress muslims n bjp evryone due bjp ram mandir issue solved invoked article still yet come tell ur congmen support hindus get votes
15,"People before Modi Govt said tht Hindu is been betrayed amp Ram Mandir will never being build but we got justice

Similarly with Article CAATriple talaq etc

Similarly we have faith in  amp  that justice will be served

Save this Tweet

RepublicForSushant coQTsweuDI",1295064328270274560,2020-08-16 18:26:11,Twitter for iPhone,13,7,0.4,0.0,Neutral,"People before Modi Govt said tht Hindu is been betrayed amp Ram Mandir will never being build but we got justice

Similarly with Article CAATriple talaq etc

Similarly we have faith in  amp  that justice will be served

Save this Tweet

RepublicForSushant coQTsweuDI","['people', 'before', 'modi', 'govt', 'said', 'tht', 'hindu', 'is', 'been', 'betrayed', 'amp', 'ram', 'mandir', 'will', 'never', 'being', 'build', 'but', 'we', 'got', 'justice', 'similarly', 'with', 'article', 'caatriple', 'talaq', 'etc', 'similarly', 'we', 'have', 'faith', 'in', 'amp', 'that', 'justice', 'will', 'be', 'served', 'save', 'this', 'tweet', 'republicforsushant', 'coqtsweudi']","['people', 'modi', 'govt', 'said', 'tht', 'hindu', 'betrayed', 'amp', 'ram', 'mandir', 'never', 'build', 'got', 'justice', 'similarly', 'article', 'caatriple', 'talaq', 'etc', 'similarly', 'faith', 'amp', 'justice', 'served', 'save', 'tweet', 'republicforsushant', 'coqtsweudi']",people modi govt said tht hindu betrayed amp ram mandir never build got justice similarly article caatriple talaq etc similarly faith amp justice served save tweet republicforsushant coqtsweudi
16, I love Dhoni  hes really a legend  hes selfless and you just a selfish cricketer who is not ready to loose any  endorsement let it be on any cost If m wrong prove it say loud that you are also happy with reconstruction of Ram Mandir in Ayodhya,1295063040124043264,2020-08-16 18:21:04,Twitter for Android,1,0,0.6586538461538461,0.05288461538461538,Positive, I love Dhoni  hes really a legend  hes selfless and you just a selfish cricketer who is not ready to loose any  endorsement let it be on any cost If m wrong prove it say loud that you are also happy with reconstruction of Ram Mandir in Ayodhya,"['', 'i', 'love', 'dhoni', 'hes', 'really', 'a', 'legend', 'hes', 'selfless', 'and', 'you', 'just', 'a', 'selfish', 'cricketer', 'who', 'is', 'not', 'ready', 'to', 'loose', 'any', 'endorsement', 'let', 'it', 'be', 'on', 'any', 'cost', 'if', 'm', 'wrong', 'prove', 'it', 'say', 'loud', 'that', 'you', 'are', 'also', 'happy', 'with', 'reconstruction', 'of', 'ram', 'mandir', 'in', 'ayodhya']","['', 'love', 'dhoni', 'hes', 'really', 'legend', 'hes', 'selfless', 'selfish', 'cricketer', 'ready', 'loose', 'endorsement', 'let', 'cost', 'wrong', 'prove', 'say', 'loud', 'also', 'happy', 'reconstruction', 'ram', 'mandir', 'ayodhya']",love dhoni hes really legend hes selfless selfish cricketer ready loose endorsement let cost wrong prove say loud also happy reconstruction ram mandir ayodhya
17, By Building Ram Mandirüö©üö©üö©,1295062537478844418,2020-08-16 18:19:04,Twitter Web App,107,10,0.0,0.0,Neutral, By Building Ram Mandirüö©üö©üö©,"['', 'by', 'building', 'ram', 'mandir', '']","['', 'building', 'ram', 'mandir', '']",building ram mandir
18, Advani is a man whose dream of ram mandir came true that must be something very surreal for kamra someone who is struggling to meet the minimum numbers of audience count in his show He cant relate to a man whose goals were achieved,1295062237208391680,2020-08-16 18:17:53,Twitter for Android,0,0,0.825,0.3375,Positive, Advani is a man whose dream of ram mandir came true that must be something very surreal for kamra someone who is struggling to meet the minimum numbers of audience count in his show He cant relate to a man whose goals were achieved,"['', 'advani', 'is', 'a', 'man', 'whose', 'dream', 'of', 'ram', 'mandir', 'came', 'true', 'that', 'must', 'be', 'something', 'very', 'surreal', 'for', 'kamra', 'someone', 'who', 'is', 'struggling', 'to', 'meet', 'the', 'minimum', 'numbers', 'of', 'audience', 'count', 'in', 'his', 'show', 'he', 'cant', 'relate', 'to', 'a', 'man', 'whose', 'goals', 'were', 'achieved']","['', 'advani', 'man', 'whose', 'dream', 'ram', 'mandir', 'came', 'true', 'must', 'something', 'surreal', 'kamra', 'someone', 'struggling', 'meet', 'minimum', 'numbers', 'audience', 'count', 'show', 'cant', 'relate', 'man', 'whose', 'goals', 'achieved']",advani man whose dream ram mandir came true must something surreal kamra someone struggling meet minimum numbers audience count show cant relate man whose goals achieved
19, Please Guys Trust Mota bhai and ModijiIts just bcoz of them  is abrogated and Ram Mandir is done and Triple Talaq done And Hinduism is more stronger now mat bhulo I am from Gujarat I know what is He and Mota bhai is,1295061820068130816,2020-08-16 18:16:13,Twitter for Android,0,0,0.5,0.5,Positive, Please Guys Trust Mota bhai and ModijiIts just bcoz of them  is abrogated and Ram Mandir is done and Triple Talaq done And Hinduism is more stronger now mat bhulo I am from Gujarat I know what is He and Mota bhai is,"['', 'please', 'guys', 'trust', 'mota', 'bhai', 'and', 'modijiits', 'just', 'bcoz', 'of', 'them', 'is', 'abrogated', 'and', 'ram', 'mandir', 'is', 'done', 'and', 'triple', 'talaq', 'done', 'and', 'hinduism', 'is', 'more', 'stronger', 'now', 'mat', 'bhulo', 'i', 'am', 'from', 'gujarat', 'i', 'know', 'what', 'is', 'he', 'and', 'mota', 'bhai', 'is']","['', 'please', 'guys', 'trust', 'mota', 'bhai', 'modijiits', 'bcoz', 'abrogated', 'ram', 'mandir', 'done', 'triple', 'talaq', 'done', 'hinduism', 'stronger', 'mat', 'bhulo', 'gujarat', 'know', 'mota', 'bhai']",please guys trust mota bhai modijiits bcoz abrogated ram mandir done triple talaq done hinduism stronger mat bhulo gujarat know mota bhai
20, It was her fate that she was born in UP during the end of era of Mayawati started growing up during Akhilesh Yadav amp entered into her teenage during extreme SUSHASAN when Ram Mandir is going to be build amp little Sitas will be molested one after another,1295061348200529920,2020-08-16 18:14:21,Twitter for Android,0,0,0.5,-0.10416666666666667,Negative, It was her fate that she was born in UP during the end of era of Mayawati started growing up during Akhilesh Yadav amp entered into her teenage during extreme SUSHASAN when Ram Mandir is going to be build amp little Sitas will be molested one after another,"['', 'it', 'was', 'her', 'fate', 'that', 'she', 'was', 'born', 'in', 'up', 'during', 'the', 'end', 'of', 'era', 'of', 'mayawati', 'started', 'growing', 'up', 'during', 'akhilesh', 'yadav', 'amp', 'entered', 'into', 'her', 'teenage', 'during', 'extreme', 'sushasan', 'when', 'ram', 'mandir', 'is', 'going', 'to', 'be', 'build', 'amp', 'little', 'sitas', 'will', 'be', 'molested', 'one', 'after', 'another']","['', 'fate', 'born', 'end', 'era', 'mayawati', 'started', 'growing', 'akhilesh', 'yadav', 'amp', 'entered', 'teenage', 'extreme', 'sushasan', 'ram', 'mandir', 'going', 'build', 'amp', 'little', 'sitas', 'molested', 'one', 'another']",fate born end era mayawati started growing akhilesh yadav amp entered teenage extreme sushasan ram mandir going build amp little sitas molested one another
21,"MovieMango First  years  purely economy centred policies

Current  years  correcting past mistakes  Ram mandir NEP etc

Next  years  pure Hindutva",1295061268034801669,2020-08-16 18:14:02,Twitter for Android,17,1,0.33055555555555555,0.07142857142857144,Positive,"MovieMango First  years  purely economy centred policies

Current  years  correcting past mistakes  Ram mandir NEP etc

Next  years  pure Hindutva","['moviemango', 'first', 'years', 'purely', 'economy', 'centred', 'policies', 'current', 'years', 'correcting', 'past', 'mistakes', 'ram', 'mandir', 'nep', 'etc', 'next', 'years', 'pure', 'hindutva']","['moviemango', 'first', 'years', 'purely', 'economy', 'centred', 'policies', 'current', 'years', 'correcting', 'past', 'mistakes', 'ram', 'mandir', 'nep', 'etc', 'next', 'years', 'pure', 'hindutva']",moviemango first years purely economy centred policies current years correcting past mistakes ram mandir nep etc next years pure hindutva
22,"CAA
Rera Act
Ram Mandir 
 Cr Homes
 Cr Toilets
Stable Govt
 Removal
Triple Talaq 
Low Inflation
Terrorism Drop
 new AIIMS
 new Airports
LGBTQ Act
 lakh Km Roads
Motor Vehicles Act
Weaponry for forces
New Education Policy
 New IITs IIMs IITs
Reduced Corporate tax",1295060961183903746,2020-08-16 18:12:48,Twitter Web App,0,0,0.353030303030303,0.0909090909090909,Positive,"CAA
Rera Act
Ram Mandir 
 Cr Homes
 Cr Toilets
Stable Govt
 Removal
Triple Talaq 
Low Inflation
Terrorism Drop
 new AIIMS
 new Airports
LGBTQ Act
 lakh Km Roads
Motor Vehicles Act
Weaponry for forces
New Education Policy
 New IITs IIMs IITs
Reduced Corporate tax","['caa', 'rera', 'act', 'ram', 'mandir', 'cr', 'homes', 'cr', 'toilets', 'stable', 'govt', 'removal', 'triple', 'talaq', 'low', 'inflation', 'terrorism', 'drop', 'new', 'aiims', 'new', 'airports', 'lgbtq', 'act', 'lakh', 'km', 'roads', 'motor', 'vehicles', 'act', 'weaponry', 'for', 'forces', 'new', 'education', 'policy', 'new', 'iits', 'iims', 'iits', 'reduced', 'corporate', 'tax']","['caa', 'rera', 'act', 'ram', 'mandir', 'cr', 'homes', 'cr', 'toilets', 'stable', 'govt', 'removal', 'triple', 'talaq', 'low', 'inflation', 'terrorism', 'drop', 'new', 'aiims', 'new', 'airports', 'lgbtq', 'act', 'lakh', 'km', 'roads', 'motor', 'vehicles', 'act', 'weaponry', 'forces', 'new', 'education', 'policy', 'new', 'iits', 'iims', 'iits', 'reduced', 'corporate', 'tax']",caa rera act ram mandir cr homes cr toilets stable govt removal triple talaq low inflation terrorism drop new aiims new airports lgbtq act lakh km roads motor vehicles act weaponry forces new education policy new iits iims iits reduced corporate tax
23,Dhoni gave us world cup LK advani gave us Ram Mandir And you You gave us hope Tera ghar chal raha hai to hamara to kuch na kuch jarur hoga coNOzWvvrbQB,1295060176240689152,2020-08-16 18:09:41,Twitter for Android,0,0,0.0,0.0,Neutral,Dhoni gave us world cup LK advani gave us Ram Mandir And you You gave us hope Tera ghar chal raha hai to hamara to kuch na kuch jarur hoga coNOzWvvrbQB,"['dhoni', 'gave', 'us', 'world', 'cup', 'lk', 'advani', 'gave', 'us', 'ram', 'mandir', 'and', 'you', 'you', 'gave', 'us', 'hope', 'tera', 'ghar', 'chal', 'raha', 'hai', 'to', 'hamara', 'to', 'kuch', 'na', 'kuch', 'jarur', 'hoga', 'conozwvvrbqb']","['dhoni', 'gave', 'us', 'world', 'cup', 'lk', 'advani', 'gave', 'us', 'ram', 'mandir', 'gave', 'us', 'hope', 'tera', 'ghar', 'chal', 'raha', 'hai', 'hamara', 'kuch', 'na', 'kuch', 'jarur', 'hoga', 'conozwvvrbqb']",dhoni gave us world cup lk advani gave us ram mandir gave us hope tera ghar chal raha hai hamara kuch na kuch jarur hoga conozwvvrbqb
24,"I challenge to  and   show me a single common person who is benefited by
Triple talaq
Ram Mandir
Babri masjid
 
a
NRC 
CAA
And many more useless things
jumlaSarkar",1295059871574790145,2020-08-16 18:08:29,Twitter for Android,0,0,0.3828571428571429,0.02571428571428571,Positive,"I challenge to  and   show me a single common person who is benefited by
Triple talaq
Ram Mandir
Babri masjid
 
a
NRC 
CAA
And many more useless things
jumlaSarkar","['i', 'challenge', 'to', 'and', 'show', 'me', 'a', 'single', 'common', 'person', 'who', 'is', 'benefited', 'by', 'triple', 'talaq', 'ram', 'mandir', 'babri', 'masjid', 'a', 'nrc', 'caa', 'and', 'many', 'more', 'useless', 'things', 'jumlasarkar']","['challenge', 'show', 'single', 'common', 'person', 'benefited', 'triple', 'talaq', 'ram', 'mandir', 'babri', 'masjid', 'nrc', 'caa', 'many', 'useless', 'things', 'jumlasarkar']",challenge show single common person benefited triple talaq ram mandir babri masjid nrc caa many useless things jumlasarkar
25," Celebrating Ram Mandir and  removel

Waiting for NRC  üî• üî•",1295059809662726149,2020-08-16 18:08:14,Twitter for Android,0,0,0.0,0.0,Neutral," Celebrating Ram Mandir and  removel

Waiting for NRC  üî• üî•","['', 'celebrating', 'ram', 'mandir', 'and', 'removel', 'waiting', 'for', 'nrc', '']","['', 'celebrating', 'ram', 'mandir', 'removel', 'waiting', 'nrc', '']",celebrating ram mandir removel waiting nrc
26, Celebrates ram Mandir wait for nrc and population control bill,1295059694524874753,2020-08-16 18:07:46,Twitter for Android,0,0,0.0,0.0,Neutral, Celebrates ram Mandir wait for nrc and population control bill,"['', 'celebrates', 'ram', 'mandir', 'wait', 'for', 'nrc', 'and', 'population', 'control', 'bill']","['', 'celebrates', 'ram', 'mandir', 'wait', 'nrc', 'population', 'control', 'bill']",celebrates ram mandir wait nrc population control bill
27, Celebrating Ram Mandir,1295059460675653634,2020-08-16 18:06:51,Twitter for Android,1,0,0.0,0.0,Neutral, Celebrating Ram Mandir,"['', 'celebrating', 'ram', 'mandir']","['', 'celebrating', 'ram', 'mandir']",celebrating ram mandir
28,"   Unlike Pagans we Hindus got back what was always ours Our Ram Mandir ‚ù§Ô∏èüáÆüá≥
Jai Shri Ram",1295059190717640706,2020-08-16 18:05:46,Twitter for Android,0,0,0.0,0.0,Neutral,"   Unlike Pagans we Hindus got back what was always ours Our Ram Mandir ‚ù§Ô∏èüáÆüá≥
Jai Shri Ram","['', 'unlike', 'pagans', 'we', 'hindus', 'got', 'back', 'what', 'was', 'always', 'ours', 'our', 'ram', 'mandir', 'jai', 'shri', 'ram']","['', 'unlike', 'pagans', 'hindus', 'got', 'back', 'always', 'ram', 'mandir', 'jai', 'shri', 'ram']",unlike pagans hindus got back always ram mandir jai shri ram
29,"   You wipe out an entire Pagan religion convert their temples to a mosque amp when that very mosque is converted to a Church you cry victim Do you even hear yourself 
Ram Mandir was an Indian temple before Islamic invader Babur demolished it and made a mosque",1295058841722163200,2020-08-16 18:04:23,Twitter for Android,0,0,0.325,0.041666666666666664,Positive,"   You wipe out an entire Pagan religion convert their temples to a mosque amp when that very mosque is converted to a Church you cry victim Do you even hear yourself 
Ram Mandir was an Indian temple before Islamic invader Babur demolished it and made a mosque","['', 'you', 'wipe', 'out', 'an', 'entire', 'pagan', 'religion', 'convert', 'their', 'temples', 'to', 'a', 'mosque', 'amp', 'when', 'that', 'very', 'mosque', 'is', 'converted', 'to', 'a', 'church', 'you', 'cry', 'victim', 'do', 'you', 'even', 'hear', 'yourself', 'ram', 'mandir', 'was', 'an', 'indian', 'temple', 'before', 'islamic', 'invader', 'babur', 'demolished', 'it', 'and', 'made', 'a', 'mosque']","['', 'wipe', 'entire', 'pagan', 'religion', 'convert', 'temples', 'mosque', 'amp', 'mosque', 'converted', 'church', 'cry', 'victim', 'even', 'hear', 'ram', 'mandir', 'indian', 'temple', 'islamic', 'invader', 'babur', 'demolished', 'made', 'mosque']",wipe entire pagan religion convert temples mosque amp mosque converted church cry victim even hear ram mandir indian temple islamic invader babur demolished made mosque
30, I congratulate you and your family for Ram Mandir Bhumi Poojan in your native state happened a week before as well ,1295058484019355653,2020-08-16 18:02:58,Twitter for Android,0,0,0.0,0.0,Neutral, I congratulate you and your family for Ram Mandir Bhumi Poojan in your native state happened a week before as well ,"['', 'i', 'congratulate', 'you', 'and', 'your', 'family', 'for', 'ram', 'mandir', 'bhumi', 'poojan', 'in', 'your', 'native', 'state', 'happened', 'a', 'week', 'before', 'as', 'well', '']","['', 'congratulate', 'family', 'ram', 'mandir', 'bhumi', 'poojan', 'native', 'state', 'happened', 'week', 'well', '']",congratulate family ram mandir bhumi poojan native state happened week well
31,"   SovereignShariat justifies nothing 

 Unlike Babri the idol was not encroaching any holy place in the eyes of the believer  

 Most Hindus happiness has much less to with Babris demolition itself but more with a perception that Ram Mandirs path has been cleared",1295058341895401472,2020-08-16 18:02:24,Twitter for Android,0,0,0.31666666666666665,0.3833333333333333,Positive,"   SovereignShariat justifies nothing 

 Unlike Babri the idol was not encroaching any holy place in the eyes of the believer  

 Most Hindus happiness has much less to with Babris demolition itself but more with a perception that Ram Mandirs path has been cleared","['', 'sovereignshariat', 'justifies', 'nothing', 'unlike', 'babri', 'the', 'idol', 'was', 'not', 'encroaching', 'any', 'holy', 'place', 'in', 'the', 'eyes', 'of', 'the', 'believer', 'most', 'hindus', 'happiness', 'has', 'much', 'less', 'to', 'with', 'babris', 'demolition', 'itself', 'but', 'more', 'with', 'a', 'perception', 'that', 'ram', 'mandirs', 'path', 'has', 'been', 'cleared']","['', 'sovereignshariat', 'justifies', 'nothing', 'unlike', 'babri', 'idol', 'encroaching', 'holy', 'place', 'eyes', 'believer', 'hindus', 'happiness', 'much', 'less', 'babris', 'demolition', 'perception', 'ram', 'mandirs', 'path', 'cleared']",sovereignshariat justifies nothing unlike babri idol encroaching holy place eyes believer hindus happiness much less babris demolition perception ram mandirs path cleared
32, U  kya       PiEm   Construction of ram mandir helping a million poor kids on the streets Is it helping the safety issue or is it helping the small businesses,1295057435321720833,2020-08-16 17:58:48,Twitter for iPhone,1,0,0.5,-0.325,Negative, U  kya       PiEm   Construction of ram mandir helping a million poor kids on the streets Is it helping the safety issue or is it helping the small businesses,"['', 'u', 'kya', 'piem', 'construction', 'of', 'ram', 'mandir', 'helping', 'a', 'million', 'poor', 'kids', 'on', 'the', 'streets', 'is', 'it', 'helping', 'the', 'safety', 'issue', 'or', 'is', 'it', 'helping', 'the', 'small', 'businesses']","['', 'u', 'kya', 'piem', 'construction', 'ram', 'mandir', 'helping', 'million', 'poor', 'kids', 'streets', 'helping', 'safety', 'issue', 'helping', 'small', 'businesses']",u kya piem construction ram mandir helping million poor kids streets helping safety issue helping small businesses
33,fatima   Our moms happy over Ram Mandir üö© not crying blood tears like pislamic feminists üòÇüòÇWhen ur moms one of  hoors or hoorüòÇüòÇ coZzGMmUt,1295057053774262272,2020-08-16 17:57:17,Twitter for Android,0,0,0.8,0.45,Positive,fatima   Our moms happy over Ram Mandir üö© not crying blood tears like pislamic feminists üòÇüòÇWhen ur moms one of  hoors or hoorüòÇüòÇ coZzGMmUt,"['fatima', 'our', 'moms', 'happy', 'over', 'ram', 'mandir', 'not', 'crying', 'blood', 'tears', 'like', 'pislamic', 'feminists', 'when', 'ur', 'moms', 'one', 'of', 'hoors', 'or', 'hoor', 'cozzgmmut']","['fatima', 'moms', 'happy', 'ram', 'mandir', 'crying', 'blood', 'tears', 'like', 'pislamic', 'feminists', 'ur', 'moms', 'one', 'hoors', 'hoor', 'cozzgmmut']",fatima moms happy ram mandir crying blood tears like pislamic feminists ur moms one hoors hoor cozzgmmut
34,  üòÇüòÇüòÇüòÇMade in china obviously will have to be this sophisticated,1295056858391052294,2020-08-16 17:56:30,Twitter for Android,0,0,0.75,0.25,Positive,  üòÇüòÇüòÇüòÇMade in china obviously will have to be this sophisticated,"['', 'made', 'in', 'china', 'obviously', 'will', 'have', 'to', 'be', 'this', 'sophisticated']","['', 'made', 'china', 'obviously', 'sophisticated']",made china obviously sophisticated
35,Babar built Mosque in  and Mughal era almost finished n   So I just want to know in these  years how many hindu Kings attempted to demolish Babri and to rebuild Ram Mandir Just curious to know Please educate me,1295056515858960384,2020-08-16 17:55:09,Twitter Web App,0,0,0.75,0.2,Positive,Babar built Mosque in  and Mughal era almost finished n   So I just want to know in these  years how many hindu Kings attempted to demolish Babri and to rebuild Ram Mandir Just curious to know Please educate me,"['babar', 'built', 'mosque', 'in', 'and', 'mughal', 'era', 'almost', 'finished', 'n', 'so', 'i', 'just', 'want', 'to', 'know', 'in', 'these', 'years', 'how', 'many', 'hindu', 'kings', 'attempted', 'to', 'demolish', 'babri', 'and', 'to', 'rebuild', 'ram', 'mandir', 'just', 'curious', 'to', 'know', 'please', 'educate', 'me']","['babar', 'built', 'mosque', 'mughal', 'era', 'almost', 'finished', 'n', 'want', 'know', 'years', 'many', 'hindu', 'kings', 'attempted', 'demolish', 'babri', 'rebuild', 'ram', 'mandir', 'curious', 'know', 'please', 'educate']",babar built mosque mughal era almost finished n want know years many hindu kings attempted demolish babri rebuild ram mandir curious know please educate
36, BhagatSingh    After Bhumi Pujan of Ram Mandir Muslims and Italian Christians are  greviously hurt,1295056145791348736,2020-08-16 17:53:40,Twitter for Android,0,0,0.0,0.0,Neutral, BhagatSingh    After Bhumi Pujan of Ram Mandir Muslims and Italian Christians are  greviously hurt,"['', 'bhagatsingh', 'after', 'bhumi', 'pujan', 'of', 'ram', 'mandir', 'muslims', 'and', 'italian', 'christians', 'are', 'greviously', 'hurt']","['', 'bhagatsingh', 'bhumi', 'pujan', 'ram', 'mandir', 'muslims', 'italian', 'christians', 'greviously', 'hurt']",bhagatsingh bhumi pujan ram mandir muslims italian christians greviously hurt
37," IND Its kejrudin and his team who was against chanting Vandey Matram 
He is the Man who opposed Ram Mandir He has a character of CamouflageHe is ‡§∏‡§ö‡•ç‡§ö‡§æ ‡§Æ‡•Ç‡§∏‡§≤ ‡§Æ‡§π‡§æ‡§®‡•§",1295055808619671553,2020-08-16 17:52:20,Twitter for Android,0,0,0.0,0.0,Neutral," IND Its kejrudin and his team who was against chanting Vandey Matram 
He is the Man who opposed Ram Mandir He has a character of CamouflageHe is ‡§∏‡§ö‡•ç‡§ö‡§æ ‡§Æ‡•Ç‡§∏‡§≤ ‡§Æ‡§π‡§æ‡§®‡•§","['', 'ind', 'its', 'kejrudin', 'and', 'his', 'team', 'who', 'was', 'against', 'chanting', 'vandey', 'matram', 'he', 'is', 'the', 'man', 'who', 'opposed', 'ram', 'mandir', 'he', 'has', 'a', 'character', 'of', 'camouflagehe', 'is', '‡§∏‡§ö', '‡§ö', '‡§Æ', '‡§∏‡§≤', '‡§Æ‡§π', '‡§®', '']","['', 'ind', 'kejrudin', 'team', 'chanting', 'vandey', 'matram', 'man', 'opposed', 'ram', 'mandir', 'character', 'camouflagehe', '‡§∏‡§ö', '‡§ö', '‡§Æ', '‡§∏‡§≤', '‡§Æ‡§π', '‡§®', '']",ind kejrudin team chanting vandey matram man opposed ram mandir character camouflagehe ‡§∏‡§ö ‡§ö ‡§Æ ‡§∏‡§≤ ‡§Æ‡§π ‡§®
38,AmitSingh  You know how petty a man can be when the only dream he has for the country is to build a mandir and not educational institutes Lord Ram bless us when we wont have jobs food education and live under a dictator for the rest of our lives,1295055404897009664,2020-08-16 17:50:44,Twitter Web App,0,0,0.5833333333333334,0.0037878787878787845,Positive,AmitSingh  You know how petty a man can be when the only dream he has for the country is to build a mandir and not educational institutes Lord Ram bless us when we wont have jobs food education and live under a dictator for the rest of our lives,"['amitsingh', 'you', 'know', 'how', 'petty', 'a', 'man', 'can', 'be', 'when', 'the', 'only', 'dream', 'he', 'has', 'for', 'the', 'country', 'is', 'to', 'build', 'a', 'mandir', 'and', 'not', 'educational', 'institutes', 'lord', 'ram', 'bless', 'us', 'when', 'we', 'wont', 'have', 'jobs', 'food', 'education', 'and', 'live', 'under', 'a', 'dictator', 'for', 'the', 'rest', 'of', 'our', 'lives']","['amitsingh', 'know', 'petty', 'man', 'dream', 'country', 'build', 'mandir', 'educational', 'institutes', 'lord', 'ram', 'bless', 'us', 'wont', 'jobs', 'food', 'education', 'live', 'dictator', 'rest', 'lives']",amitsingh know petty man dream country build mandir educational institutes lord ram bless us wont jobs food education live dictator rest lives
39,  This is may be due to Ram Mandir coverage,1295055255030267904,2020-08-16 17:50:08,Twitter for Android,0,0,0.375,-0.125,Negative,  This is may be due to Ram Mandir coverage,"['', 'this', 'is', 'may', 'be', 'due', 'to', 'ram', 'mandir', 'coverage']","['', 'may', 'due', 'ram', 'mandir', 'coverage']",may due ram mandir coverage
40,  Yes she will allow in Ram mandirHindus are very liberal as compare to othersA hindu always love and respect other religionJai Shree Ram‚õ≥‚õ≥,1295055186185003010,2020-08-16 17:49:52,Twitter Web App,0,0,0.425,0.19166666666666665,Positive,  Yes she will allow in Ram mandirHindus are very liberal as compare to othersA hindu always love and respect other religionJai Shree Ram‚õ≥‚õ≥,"['', 'yes', 'she', 'will', 'allow', 'in', 'ram', 'mandirhindus', 'are', 'very', 'liberal', 'as', 'compare', 'to', 'othersa', 'hindu', 'always', 'love', 'and', 'respect', 'other', 'religionjai', 'shree', 'ram', '']","['', 'yes', 'allow', 'ram', 'mandirhindus', 'liberal', 'compare', 'othersa', 'hindu', 'always', 'love', 'respect', 'religionjai', 'shree', 'ram', '']",yes allow ram mandirhindus liberal compare othersa hindu always love respect religionjai shree ram
41," isnt shocking that all the stars like salman  Sharukh amirdipika amitab 
Dosent spoken about Ram mandir",1295054293884522496,2020-08-16 17:46:19,Twitter for Android,2,0,1.0,-1.0,Negative," isnt shocking that all the stars like salman  Sharukh amirdipika amitab 
Dosent spoken about Ram mandir","['', 'isnt', 'shocking', 'that', 'all', 'the', 'stars', 'like', 'salman', 'sharukh', 'amirdipika', 'amitab', 'dosent', 'spoken', 'about', 'ram', 'mandir']","['', 'isnt', 'shocking', 'stars', 'like', 'salman', 'sharukh', 'amirdipika', 'amitab', 'dosent', 'spoken', 'ram', 'mandir']",isnt shocking stars like salman sharukh amirdipika amitab dosent spoken ram mandir
42,"if DeMo would not have taken place who would have been cm of UP

if center blackmail SSNCP to get major bills passes would u still call it a blackmail

Remember ram mandir happened cos of DeMo
And NRC and UCC will also get passed due to it only

Yogi emerged all due to it",1295053886248685568,2020-08-16 17:44:42,Twitter Web App,0,0,0.47000000000000003,-0.057499999999999996,Negative,"if DeMo would not have taken place who would have been cm of UP

if center blackmail SSNCP to get major bills passes would u still call it a blackmail

Remember ram mandir happened cos of DeMo
And NRC and UCC will also get passed due to it only

Yogi emerged all due to it","['if', 'demo', 'would', 'not', 'have', 'taken', 'place', 'who', 'would', 'have', 'been', 'cm', 'of', 'up', 'if', 'center', 'blackmail', 'ssncp', 'to', 'get', 'major', 'bills', 'passes', 'would', 'u', 'still', 'call', 'it', 'a', 'blackmail', 'remember', 'ram', 'mandir', 'happened', 'cos', 'of', 'demo', 'and', 'nrc', 'and', 'ucc', 'will', 'also', 'get', 'passed', 'due', 'to', 'it', 'only', 'yogi', 'emerged', 'all', 'due', 'to', 'it']","['demo', 'would', 'taken', 'place', 'would', 'cm', 'center', 'blackmail', 'ssncp', 'get', 'major', 'bills', 'passes', 'would', 'u', 'still', 'call', 'blackmail', 'remember', 'ram', 'mandir', 'happened', 'cos', 'demo', 'nrc', 'ucc', 'also', 'get', 'passed', 'due', 'yogi', 'emerged', 'due']",demo would taken place would cm center blackmail ssncp get major bills passes would u still call blackmail remember ram mandir happened cos demo nrc ucc also get passed due yogi emerged due
43,"Thinj If DeMo would not have taken place who would have been cm of UP

if center blackmail SSNCP to get major bills passes would u still call it a blackmail

Remember ram mandir happened cos of DeMo
And NRC and UCC will also get passed due to it only

Yogi emerged all due to it",1295053593469313025,2020-08-16 17:43:32,Twitter for iPhone,0,0,0.47000000000000003,-0.057499999999999996,Negative,"Thinj If DeMo would not have taken place who would have been cm of UP

if center blackmail SSNCP to get major bills passes would u still call it a blackmail

Remember ram mandir happened cos of DeMo
And NRC and UCC will also get passed due to it only

Yogi emerged all due to it","['thinj', 'if', 'demo', 'would', 'not', 'have', 'taken', 'place', 'who', 'would', 'have', 'been', 'cm', 'of', 'up', 'if', 'center', 'blackmail', 'ssncp', 'to', 'get', 'major', 'bills', 'passes', 'would', 'u', 'still', 'call', 'it', 'a', 'blackmail', 'remember', 'ram', 'mandir', 'happened', 'cos', 'of', 'demo', 'and', 'nrc', 'and', 'ucc', 'will', 'also', 'get', 'passed', 'due', 'to', 'it', 'only', 'yogi', 'emerged', 'all', 'due', 'to', 'it']","['thinj', 'demo', 'would', 'taken', 'place', 'would', 'cm', 'center', 'blackmail', 'ssncp', 'get', 'major', 'bills', 'passes', 'would', 'u', 'still', 'call', 'blackmail', 'remember', 'ram', 'mandir', 'happened', 'cos', 'demo', 'nrc', 'ucc', 'also', 'get', 'passed', 'due', 'yogi', 'emerged', 'due']",thinj demo would taken place would cm center blackmail ssncp get major bills passes would u still call blackmail remember ram mandir happened cos demo nrc ucc also get passed due yogi emerged due
44," Oh and btw I hadnt even read the list you shared before I responded Just glances thru a few now and realise its quite farcical Held up now Ill get back with more comments

Ram Mandir at no  Im sure thats what the whole country needed rn üôÇ",1295053029599715328,2020-08-16 17:41:17,Twitter for Android,0,0,0.46984126984126984,0.014285714285714275,Positive," Oh and btw I hadnt even read the list you shared before I responded Just glances thru a few now and realise its quite farcical Held up now Ill get back with more comments

Ram Mandir at no  Im sure thats what the whole country needed rn üôÇ","['', 'oh', 'and', 'btw', 'i', 'hadnt', 'even', 'read', 'the', 'list', 'you', 'shared', 'before', 'i', 'responded', 'just', 'glances', 'thru', 'a', 'few', 'now', 'and', 'realise', 'its', 'quite', 'farcical', 'held', 'up', 'now', 'ill', 'get', 'back', 'with', 'more', 'comments', 'ram', 'mandir', 'at', 'no', 'im', 'sure', 'thats', 'what', 'the', 'whole', 'country', 'needed', 'rn', '']","['', 'oh', 'btw', 'hadnt', 'even', 'read', 'list', 'shared', 'responded', 'glances', 'thru', 'realise', 'quite', 'farcical', 'held', 'ill', 'get', 'back', 'comments', 'ram', 'mandir', 'im', 'sure', 'thats', 'whole', 'country', 'needed', 'rn', '']",oh btw hadnt even read list shared responded glances thru realise quite farcical held ill get back comments ram mandir im sure thats whole country needed rn
45,Poor   is purposely made  handle cases Ike these which were not to his standardsThe biggest shock was the snubbing he got from BJP and NaMo for the ground breaking ceremony of Ram Mandir He is a genius amp should be given his due respect Do we see a another LK Advani  cotqCQyjQmre,1295052692515991552,2020-08-16 17:39:57,Twitter for Android,0,0,0.4875,-0.2625,Negative,Poor   is purposely made  handle cases Ike these which were not to his standardsThe biggest shock was the snubbing he got from BJP and NaMo for the ground breaking ceremony of Ram Mandir He is a genius amp should be given his due respect Do we see a another LK Advani  cotqCQyjQmre,"['poor', 'is', 'purposely', 'made', 'handle', 'cases', 'ike', 'these', 'which', 'were', 'not', 'to', 'his', 'standardsthe', 'biggest', 'shock', 'was', 'the', 'snubbing', 'he', 'got', 'from', 'bjp', 'and', 'namo', 'for', 'the', 'ground', 'breaking', 'ceremony', 'of', 'ram', 'mandir', 'he', 'is', 'a', 'genius', 'amp', 'should', 'be', 'given', 'his', 'due', 'respect', 'do', 'we', 'see', 'a', 'another', 'lk', 'advani', 'cotqcqyjqmre']","['poor', 'purposely', 'made', 'handle', 'cases', 'ike', 'standardsthe', 'biggest', 'shock', 'snubbing', 'got', 'bjp', 'namo', 'ground', 'breaking', 'ceremony', 'ram', 'mandir', 'genius', 'amp', 'given', 'due', 'respect', 'see', 'another', 'lk', 'advani', 'cotqcqyjqmre']",poor purposely made handle cases ike standardsthe biggest shock snubbing got bjp namo ground breaking ceremony ram mandir genius amp given due respect see another lk advani cotqcqyjqmre
46, Fing hell why are America and its associates determining politics in India First the ram mandir posters then anti caa nrc ones,1295051674164162561,2020-08-16 17:35:54,Twitter for Android,0,0,0.3333333333333333,0.25,Positive, Fing hell why are America and its associates determining politics in India First the ram mandir posters then anti caa nrc ones,"['', 'fing', 'hell', 'why', 'are', 'america', 'and', 'its', 'associates', 'determining', 'politics', 'in', 'india', 'first', 'the', 'ram', 'mandir', 'posters', 'then', 'anti', 'caa', 'nrc', 'ones']","['', 'fing', 'hell', 'america', 'associates', 'determining', 'politics', 'india', 'first', 'ram', 'mandir', 'posters', 'anti', 'caa', 'nrc', 'ones']",fing hell america associates determining politics india first ram mandir posters anti caa nrc ones
47,I would like to ask question to BJP since  after Sir Abdul klam azad no muslim president of INC  or PM given to India yet they support congress what wrong BJP done to muslim they r against them  r because BJP fight for ram mandir tin taalak  or kashmir   article,1295051426838675456,2020-08-16 17:34:55,Twitter for Android,0,0,0.9,-0.5,Negative,I would like to ask question to BJP since  after Sir Abdul klam azad no muslim president of INC  or PM given to India yet they support congress what wrong BJP done to muslim they r against them  r because BJP fight for ram mandir tin taalak  or kashmir   article,"['i', 'would', 'like', 'to', 'ask', 'question', 'to', 'bjp', 'since', 'after', 'sir', 'abdul', 'klam', 'azad', 'no', 'muslim', 'president', 'of', 'inc', 'or', 'pm', 'given', 'to', 'india', 'yet', 'they', 'support', 'congress', 'what', 'wrong', 'bjp', 'done', 'to', 'muslim', 'they', 'r', 'against', 'them', 'r', 'because', 'bjp', 'fight', 'for', 'ram', 'mandir', 'tin', 'taalak', 'or', 'kashmir', 'article']","['would', 'like', 'ask', 'question', 'bjp', 'since', 'sir', 'abdul', 'klam', 'azad', 'muslim', 'president', 'inc', 'pm', 'given', 'india', 'yet', 'support', 'congress', 'wrong', 'bjp', 'done', 'muslim', 'r', 'r', 'bjp', 'fight', 'ram', 'mandir', 'tin', 'taalak', 'kashmir', 'article']",would like ask question bjp since sir abdul klam azad muslim president inc pm given india yet support congress wrong bjp done muslim r r bjp fight ram mandir tin taalak kashmir article
48," CAA
Rera Act
Ram Mandir 
 Cr Homes
 Cr Toilets
Stable Govt
 Removal
Triple Talaq 
Low Inflation
Terrorism Drop
 new AIIMS
 new Airports
LGBTQ Act
 lakh Km Roads
Motor Vehicles Act
Weaponry for forces
New Education Policy
 New IITs IIMs IITs
Reduced Corporate tax",1295050644605169665,2020-08-16 17:31:49,Twitter for Android,1,0,0.353030303030303,0.0909090909090909,Positive," CAA
Rera Act
Ram Mandir 
 Cr Homes
 Cr Toilets
Stable Govt
 Removal
Triple Talaq 
Low Inflation
Terrorism Drop
 new AIIMS
 new Airports
LGBTQ Act
 lakh Km Roads
Motor Vehicles Act
Weaponry for forces
New Education Policy
 New IITs IIMs IITs
Reduced Corporate tax","['', 'caa', 'rera', 'act', 'ram', 'mandir', 'cr', 'homes', 'cr', 'toilets', 'stable', 'govt', 'removal', 'triple', 'talaq', 'low', 'inflation', 'terrorism', 'drop', 'new', 'aiims', 'new', 'airports', 'lgbtq', 'act', 'lakh', 'km', 'roads', 'motor', 'vehicles', 'act', 'weaponry', 'for', 'forces', 'new', 'education', 'policy', 'new', 'iits', 'iims', 'iits', 'reduced', 'corporate', 'tax']","['', 'caa', 'rera', 'act', 'ram', 'mandir', 'cr', 'homes', 'cr', 'toilets', 'stable', 'govt', 'removal', 'triple', 'talaq', 'low', 'inflation', 'terrorism', 'drop', 'new', 'aiims', 'new', 'airports', 'lgbtq', 'act', 'lakh', 'km', 'roads', 'motor', 'vehicles', 'act', 'weaponry', 'forces', 'new', 'education', 'policy', 'new', 'iits', 'iims', 'iits', 'reduced', 'corporate', 'tax']",caa rera act ram mandir cr homes cr toilets stable govt removal triple talaq low inflation terrorism drop new aiims new airports lgbtq act lakh km roads motor vehicles act weaponry forces new education policy new iits iims iits reduced corporate tax
49,    in some days you will see riots commonly just bcoz of face book only  and one more thing cyber cell wants to know about who donating how many fund to whom people mocking on ram mandir and donating for masjid out side of india,1295050461054025729,2020-08-16 17:31:05,Twitter for Android,0,0,0.52,0.18,Positive,    in some days you will see riots commonly just bcoz of face book only  and one more thing cyber cell wants to know about who donating how many fund to whom people mocking on ram mandir and donating for masjid out side of india,"['', 'in', 'some', 'days', 'you', 'will', 'see', 'riots', 'commonly', 'just', 'bcoz', 'of', 'face', 'book', 'only', 'and', 'one', 'more', 'thing', 'cyber', 'cell', 'wants', 'to', 'know', 'about', 'who', 'donating', 'how', 'many', 'fund', 'to', 'whom', 'people', 'mocking', 'on', 'ram', 'mandir', 'and', 'donating', 'for', 'masjid', 'out', 'side', 'of', 'india']","['', 'days', 'see', 'riots', 'commonly', 'bcoz', 'face', 'book', 'one', 'thing', 'cyber', 'cell', 'wants', 'know', 'donating', 'many', 'fund', 'people', 'mocking', 'ram', 'mandir', 'donating', 'masjid', 'side', 'india']",days see riots commonly bcoz face book one thing cyber cell wants know donating many fund people mocking ram mandir donating masjid side india
50,HIND  kurmi Yet Bhakts start celebrating over Ram Mandir paid promotion in Times Square üòÇ,1295049782465945603,2020-08-16 17:28:23,Twitter for Android,3,0,0.0,0.0,Neutral,HIND  kurmi Yet Bhakts start celebrating over Ram Mandir paid promotion in Times Square üòÇ,"['hind', 'kurmi', 'yet', 'bhakts', 'start', 'celebrating', 'over', 'ram', 'mandir', 'paid', 'promotion', 'in', 'times', 'square', '']","['hind', 'kurmi', 'yet', 'bhakts', 'start', 'celebrating', 'ram', 'mandir', 'paid', 'promotion', 'times', 'square', '']",hind kurmi yet bhakts start celebrating ram mandir paid promotion times square
51,  Media is silent about each amp everything They will only talk if the issue is about Ram Mandir or hindumuslim,1295049531306831872,2020-08-16 17:27:23,Twitter for Android,0,0,0.55,0.0,Neutral,  Media is silent about each amp everything They will only talk if the issue is about Ram Mandir or hindumuslim,"['', 'media', 'is', 'silent', 'about', 'each', 'amp', 'everything', 'they', 'will', 'only', 'talk', 'if', 'the', 'issue', 'is', 'about', 'ram', 'mandir', 'or', 'hindumuslim']","['', 'media', 'silent', 'amp', 'everything', 'talk', 'issue', 'ram', 'mandir', 'hindumuslim']",media silent amp everything talk issue ram mandir hindumuslim
52,    Air strickserjikal strick shatki upgrah pranali rafel feighter s  mesile defence system GST WROP for army teen talakram mandirdhara  disolvcaa billab har ghar nal new plane corona time caror population  mounth free rashan Ankhe kholo bhai list bahut lambi he,1295048469392941057,2020-08-16 17:23:10,Twitter for Android,0,0,0.4181818181818182,0.1787878787878788,Positive,    Air strickserjikal strick shatki upgrah pranali rafel feighter s  mesile defence system GST WROP for army teen talakram mandirdhara  disolvcaa billab har ghar nal new plane corona time caror population  mounth free rashan Ankhe kholo bhai list bahut lambi he,"['', 'air', 'strickserjikal', 'strick', 'shatki', 'upgrah', 'pranali', 'rafel', 'feighter', 's', 'mesile', 'defence', 'system', 'gst', 'wrop', 'for', 'army', 'teen', 'talakram', 'mandirdhara', 'disolvcaa', 'billab', 'har', 'ghar', 'nal', 'new', 'plane', 'corona', 'time', 'caror', 'population', 'mounth', 'free', 'rashan', 'ankhe', 'kholo', 'bhai', 'list', 'bahut', 'lambi', 'he']","['', 'air', 'strickserjikal', 'strick', 'shatki', 'upgrah', 'pranali', 'rafel', 'feighter', 'mesile', 'defence', 'system', 'gst', 'wrop', 'army', 'teen', 'talakram', 'mandirdhara', 'disolvcaa', 'billab', 'har', 'ghar', 'nal', 'new', 'plane', 'corona', 'time', 'caror', 'population', 'mounth', 'free', 'rashan', 'ankhe', 'kholo', 'bhai', 'list', 'bahut', 'lambi']",air strickserjikal strick shatki upgrah pranali rafel feighter mesile defence system gst wrop army teen talakram mandirdhara disolvcaa billab har ghar nal new plane corona time caror population mounth free rashan ankhe kholo bhai list bahut lambi
53,  ur in a public platform here every opinion has a counter opinion u spoke on ram mandir nd i questioned u abt brahmanwaad of ur ancestors as alleged by the leftist ideologiesso i jst revert deir question back to u who may knw the real answer coz m a jain,1295048034502373376,2020-08-16 17:21:26,Twitter for iPhone,0,0,0.21333333333333332,0.009999999999999998,Positive,  ur in a public platform here every opinion has a counter opinion u spoke on ram mandir nd i questioned u abt brahmanwaad of ur ancestors as alleged by the leftist ideologiesso i jst revert deir question back to u who may knw the real answer coz m a jain,"['', 'ur', 'in', 'a', 'public', 'platform', 'here', 'every', 'opinion', 'has', 'a', 'counter', 'opinion', 'u', 'spoke', 'on', 'ram', 'mandir', 'nd', 'i', 'questioned', 'u', 'abt', 'brahmanwaad', 'of', 'ur', 'ancestors', 'as', 'alleged', 'by', 'the', 'leftist', 'ideologiesso', 'i', 'jst', 'revert', 'deir', 'question', 'back', 'to', 'u', 'who', 'may', 'knw', 'the', 'real', 'answer', 'coz', 'm', 'a', 'jain']","['', 'ur', 'public', 'platform', 'every', 'opinion', 'counter', 'opinion', 'u', 'spoke', 'ram', 'mandir', 'nd', 'questioned', 'u', 'abt', 'brahmanwaad', 'ur', 'ancestors', 'alleged', 'leftist', 'ideologiesso', 'jst', 'revert', 'deir', 'question', 'back', 'u', 'may', 'knw', 'real', 'answer', 'coz', 'jain']",ur public platform every opinion counter opinion u spoke ram mandir nd questioned u abt brahmanwaad ur ancestors alleged leftist ideologiesso jst revert deir question back u may knw real answer coz jain
54, He is on mute mode   no tweet for ram mandir also,1295047831275712513,2020-08-16 17:20:38,Twitter for Android,0,0,0.0,0.0,Neutral, He is on mute mode   no tweet for ram mandir also,"['', 'he', 'is', 'on', 'mute', 'mode', 'no', 'tweet', 'for', 'ram', 'mandir', 'also']","['', 'mute', 'mode', 'tweet', 'ram', 'mandir', 'also']",mute mode tweet ram mandir also
55, Madam jhooth kahan par apko dikh raha bjp manifesto  main promise solve with in  month of Modi  like TRIPlE TALAQ ARTICLE   A and RAM MANDIR I think you close yours eye like pigeon,1295047342547075072,2020-08-16 17:18:41,Twitter for Android,0,0,0.3333333333333333,0.16666666666666666,Positive, Madam jhooth kahan par apko dikh raha bjp manifesto  main promise solve with in  month of Modi  like TRIPlE TALAQ ARTICLE   A and RAM MANDIR I think you close yours eye like pigeon,"['', 'madam', 'jhooth', 'kahan', 'par', 'apko', 'dikh', 'raha', 'bjp', 'manifesto', 'main', 'promise', 'solve', 'with', 'in', 'month', 'of', 'modi', 'like', 'triple', 'talaq', 'article', 'a', 'and', 'ram', 'mandir', 'i', 'think', 'you', 'close', 'yours', 'eye', 'like', 'pigeon']","['', 'madam', 'jhooth', 'kahan', 'par', 'apko', 'dikh', 'raha', 'bjp', 'manifesto', 'main', 'promise', 'solve', 'month', 'modi', 'like', 'triple', 'talaq', 'article', 'ram', 'mandir', 'think', 'close', 'eye', 'like', 'pigeon']",madam jhooth kahan par apko dikh raha bjp manifesto main promise solve month modi like triple talaq article ram mandir think close eye like pigeon
56,"These bastards should be given death penalty by pelting stones at them
Uttar Pradesh se ek taraf ram mandir ki acchi khabar aati hai to doosri taraf aisi ghinoni harkato ki khabare
Revolutionary actions needed
   ji
coeiSxW coTczOkShCT",1295046275511906307,2020-08-16 17:14:27,Twitter for Android,0,0,0.0,0.0,Neutral,"These bastards should be given death penalty by pelting stones at them
Uttar Pradesh se ek taraf ram mandir ki acchi khabar aati hai to doosri taraf aisi ghinoni harkato ki khabare
Revolutionary actions needed
   ji
coeiSxW coTczOkShCT","['these', 'bastards', 'should', 'be', 'given', 'death', 'penalty', 'by', 'pelting', 'stones', 'at', 'them', 'uttar', 'pradesh', 'se', 'ek', 'taraf', 'ram', 'mandir', 'ki', 'acchi', 'khabar', 'aati', 'hai', 'to', 'doosri', 'taraf', 'aisi', 'ghinoni', 'harkato', 'ki', 'khabare', 'revolutionary', 'actions', 'needed', 'ji', 'coeisxw', 'cotczokshct']","['bastards', 'given', 'death', 'penalty', 'pelting', 'stones', 'uttar', 'pradesh', 'se', 'ek', 'taraf', 'ram', 'mandir', 'ki', 'acchi', 'khabar', 'aati', 'hai', 'doosri', 'taraf', 'aisi', 'ghinoni', 'harkato', 'ki', 'khabare', 'revolutionary', 'actions', 'needed', 'ji', 'coeisxw', 'cotczokshct']",bastards given death penalty pelting stones uttar pradesh se ek taraf ram mandir ki acchi khabar aati hai doosri taraf aisi ghinoni harkato ki khabare revolutionary actions needed ji coeisxw cotczokshct
57,  Please Guys Trust Mota bhai and ModijiIts just bcoz of them  is abrogated and Ram Mandir is done and Triple Talaq done And Hinduism is more stronger now mat bhulo I am from Gujarat I know what is He and Mota bhai,1295046221149528064,2020-08-16 17:14:14,Twitter for Android,19,0,0.5,0.5,Positive,  Please Guys Trust Mota bhai and ModijiIts just bcoz of them  is abrogated and Ram Mandir is done and Triple Talaq done And Hinduism is more stronger now mat bhulo I am from Gujarat I know what is He and Mota bhai,"['', 'please', 'guys', 'trust', 'mota', 'bhai', 'and', 'modijiits', 'just', 'bcoz', 'of', 'them', 'is', 'abrogated', 'and', 'ram', 'mandir', 'is', 'done', 'and', 'triple', 'talaq', 'done', 'and', 'hinduism', 'is', 'more', 'stronger', 'now', 'mat', 'bhulo', 'i', 'am', 'from', 'gujarat', 'i', 'know', 'what', 'is', 'he', 'and', 'mota', 'bhai']","['', 'please', 'guys', 'trust', 'mota', 'bhai', 'modijiits', 'bcoz', 'abrogated', 'ram', 'mandir', 'done', 'triple', 'talaq', 'done', 'hinduism', 'stronger', 'mat', 'bhulo', 'gujarat', 'know', 'mota', 'bhai']",please guys trust mota bhai modijiits bcoz abrogated ram mandir done triple talaq done hinduism stronger mat bhulo gujarat know mota bhai
58,  Please Guys Trust Mota bhai and ModijiIts just bcoz of them  is abrogated and Ram Mandir is done and Triple Talaq done And Hinduism is more stronger now mat bhulo I am from Gujarat I know what is He and Mota bhai,1295046157383548928,2020-08-16 17:13:59,Twitter for Android,11,0,0.5,0.5,Positive,  Please Guys Trust Mota bhai and ModijiIts just bcoz of them  is abrogated and Ram Mandir is done and Triple Talaq done And Hinduism is more stronger now mat bhulo I am from Gujarat I know what is He and Mota bhai,"['', 'please', 'guys', 'trust', 'mota', 'bhai', 'and', 'modijiits', 'just', 'bcoz', 'of', 'them', 'is', 'abrogated', 'and', 'ram', 'mandir', 'is', 'done', 'and', 'triple', 'talaq', 'done', 'and', 'hinduism', 'is', 'more', 'stronger', 'now', 'mat', 'bhulo', 'i', 'am', 'from', 'gujarat', 'i', 'know', 'what', 'is', 'he', 'and', 'mota', 'bhai']","['', 'please', 'guys', 'trust', 'mota', 'bhai', 'modijiits', 'bcoz', 'abrogated', 'ram', 'mandir', 'done', 'triple', 'talaq', 'done', 'hinduism', 'stronger', 'mat', 'bhulo', 'gujarat', 'know', 'mota', 'bhai']",please guys trust mota bhai modijiits bcoz abrogated ram mandir done triple talaq done hinduism stronger mat bhulo gujarat know mota bhai
59,  Please Guys Trust Mota bhai and ModijiIts just bcoz of them  is abrogated and Ram Mandir is done and Triple Talaq done And Hinduism is more stronger now mat bhulo I am from Gujarat I know what is He and Mota bhai,1295046121161543680,2020-08-16 17:13:50,Twitter for Android,106,2,0.5,0.5,Positive,  Please Guys Trust Mota bhai and ModijiIts just bcoz of them  is abrogated and Ram Mandir is done and Triple Talaq done And Hinduism is more stronger now mat bhulo I am from Gujarat I know what is He and Mota bhai,"['', 'please', 'guys', 'trust', 'mota', 'bhai', 'and', 'modijiits', 'just', 'bcoz', 'of', 'them', 'is', 'abrogated', 'and', 'ram', 'mandir', 'is', 'done', 'and', 'triple', 'talaq', 'done', 'and', 'hinduism', 'is', 'more', 'stronger', 'now', 'mat', 'bhulo', 'i', 'am', 'from', 'gujarat', 'i', 'know', 'what', 'is', 'he', 'and', 'mota', 'bhai']","['', 'please', 'guys', 'trust', 'mota', 'bhai', 'modijiits', 'bcoz', 'abrogated', 'ram', 'mandir', 'done', 'triple', 'talaq', 'done', 'hinduism', 'stronger', 'mat', 'bhulo', 'gujarat', 'know', 'mota', 'bhai']",please guys trust mota bhai modijiits bcoz abrogated ram mandir done triple talaq done hinduism stronger mat bhulo gujarat know mota bhai
60, Please Guys Trust Mota bhai and ModijiIts just bcoz of them  is abrogated and Ram Mandir is done and Triple Talaq done And Hinduism is more stronger now mat bhulo I am from Gujarat I know what is He and Mota bhai,1295046107702018048,2020-08-16 17:13:47,Twitter for Android,6,0,0.5,0.5,Positive, Please Guys Trust Mota bhai and ModijiIts just bcoz of them  is abrogated and Ram Mandir is done and Triple Talaq done And Hinduism is more stronger now mat bhulo I am from Gujarat I know what is He and Mota bhai,"['', 'please', 'guys', 'trust', 'mota', 'bhai', 'and', 'modijiits', 'just', 'bcoz', 'of', 'them', 'is', 'abrogated', 'and', 'ram', 'mandir', 'is', 'done', 'and', 'triple', 'talaq', 'done', 'and', 'hinduism', 'is', 'more', 'stronger', 'now', 'mat', 'bhulo', 'i', 'am', 'from', 'gujarat', 'i', 'know', 'what', 'is', 'he', 'and', 'mota', 'bhai']","['', 'please', 'guys', 'trust', 'mota', 'bhai', 'modijiits', 'bcoz', 'abrogated', 'ram', 'mandir', 'done', 'triple', 'talaq', 'done', 'hinduism', 'stronger', 'mat', 'bhulo', 'gujarat', 'know', 'mota', 'bhai']",please guys trust mota bhai modijiits bcoz abrogated ram mandir done triple talaq done hinduism stronger mat bhulo gujarat know mota bhai
61,"Good in part delirious otherwise Biggest problem he doesnt actually mean what he says And whats hyphenated secularism
The Ram Mandir movement did not even exist till  RSS invented it to counter Mandal politics which spelt doom for Hindutva
coszwsBVYoQ",1295045429134913536,2020-08-16 17:11:05,Twitter for Android,0,0,0.64375,0.19374999999999998,Positive,"Good in part delirious otherwise Biggest problem he doesnt actually mean what he says And whats hyphenated secularism
The Ram Mandir movement did not even exist till  RSS invented it to counter Mandal politics which spelt doom for Hindutva
coszwsBVYoQ","['good', 'in', 'part', 'delirious', 'otherwise', 'biggest', 'problem', 'he', 'doesnt', 'actually', 'mean', 'what', 'he', 'says', 'and', 'whats', 'hyphenated', 'secularism', 'the', 'ram', 'mandir', 'movement', 'did', 'not', 'even', 'exist', 'till', 'rss', 'invented', 'it', 'to', 'counter', 'mandal', 'politics', 'which', 'spelt', 'doom', 'for', 'hindutva', 'coszwsbvyoq']","['good', 'part', 'delirious', 'otherwise', 'biggest', 'problem', 'doesnt', 'actually', 'mean', 'says', 'whats', 'hyphenated', 'secularism', 'ram', 'mandir', 'movement', 'even', 'exist', 'till', 'rss', 'invented', 'counter', 'mandal', 'politics', 'spelt', 'doom', 'hindutva', 'coszwsbvyoq']",good part delirious otherwise biggest problem doesnt actually mean says whats hyphenated secularism ram mandir movement even exist till rss invented counter mandal politics spelt doom hindutva coszwsbvyoq
62, Islamic jihaad prep against india  especially ram mandir hurts the khan gang,1295044814262607872,2020-08-16 17:08:39,Twitter for Android,0,0,1.0,0.0,Neutral, Islamic jihaad prep against india  especially ram mandir hurts the khan gang,"['', 'islamic', 'jihaad', 'prep', 'against', 'india', 'especially', 'ram', 'mandir', 'hurts', 'the', 'khan', 'gang']","['', 'islamic', 'jihaad', 'prep', 'india', 'especially', 'ram', 'mandir', 'hurts', 'khan', 'gang']",islamic jihaad prep india especially ram mandir hurts khan gang
